r.squared,adj.r.squared,sigma,statistic,p.value,df,logLik,AIC,BIC,deviance,df.residual,nobs,loocv_R2,loocv_rmse,area,week,resp,model
0.3941446636321604,0.36628924586812184,11.126632953746942,14.149659034767803,8.830176604964269e-16,8,-695.9608412037334,1411.9216824074667,1444.016543935881,21541.54119440889,174,183,0.33841561822394195,11.347338666576807,KIL,24,moist_mean,lm
0.453879378816373,0.4208428870680281,NA,NA,NA,11.381710530601753,-686.4630158998257,1398.623439679095,1439.8611770555915,19417.63842317747,171.61828946939823,183,0.38373224969818576,10.946681477213474,KIL,24,moist_mean,gam
0.3815866895170776,0.35868249283252496,11.301140574241497,16.66012105870675,3.7016049895678657e-19,8,-860.2720182771192,1740.5440365542383,1774.7050405762825,27586.608108213768,216,225,0.32854610082503094,11.549108059917602,KIL,25,moist_mean,lm
0.39299982049062365,0.3676178458453061,NA,NA,NA,9.990706463168696,-858.1763756664731,1739.1360437425385,1778.051050924513,27077.48327839879,215.0092935368313,225,0.32009547918722914,11.63249890645523,KIL,25,moist_mean,gam
0.4245924293562465,0.4042240197759366,10.795290164425928,20.84563488779704,1.5157958948696053e-23,8,-887.9529564403148,1795.9059128806296,1830.5017680220712,26337.653479918168,226,235,0.3762779880295514,11.029493506714283,KIL,26,moist_mean,lm
0.4416644809346957,0.41865078415187174,NA,NA,NA,10.263287711370433,-884.4140282384973,1792.2950955347796,1832.8882097268638,25556.228622818293,224.73671228862958,235,0.3704982835700058,11.091042666987097,KIL,26,moist_mean,gam
0.3607446953683796,0.3383146846795507,10.283541144127204,16.083126324502718,8.992612701994415e-19,8,-884.0398494623448,1788.0796989246896,1822.760300336041,24111.277809554205,228,237,0.30961474628282537,10.486544964312317,KIL,27,moist_mean,lm
0.3890839600149226,0.35970665962477877,NA,NA,NA,11.827916604616089,-878.6665408211984,1785.3195293667861,1833.8488712892442,23042.384242523054,225.1720833953839,237,0.29397927498908694,10.624040972926718,KIL,27,moist_mean,gam
0.39952910383732193,0.3784599495859998,10.226816378302658,18.962749955293173,9.661653743550753e-22,8,-882.7289211898802,1785.4578423797605,1820.1384437911117,23846.012297698446,228,237,0.3497762356020218,10.442590503809782,KIL,28,moist_mean,lm
0.42008908584152227,0.393393252702669,NA,NA,NA,11.3859982580795,-878.6004192433749,1784.2470699820494,1831.146048690431,23029.53045512169,225.6140017419205,237,0.32890620919903124,10.62824892238518,KIL,28,moist_mean,gam
0.4125352976090389,0.39192250103391735,9.96969887910296,20.013553042431287,8.744275685098927e-23,8,-876.6942029303973,1773.3884058607946,1808.0690072721459,22662.036228716992,228,237,0.3631132432463199,10.18368438834288,KIL,29,moist_mean,lm
0.4348686470482088,0.40823785435985904,NA,NA,NA,11.620596671745226,-872.10138278035015,1771.8597975694913,1819.8179227353849,21800.50502175396,225.37940332825477,237,0.3435800778737804,10.356306034569705,KIL,29,moist_mean,gam
0.36814663543241005,0.34607315544751605,10.836889468658779,16.678232688472864,2.0366615690634913e-19,8,-900.2636084553676,1820.5272169107352,1855.24992364745,26893.341698507407,229,238,0.31993606930815577,11.027430926659234,KIL,30,moist_mean,lm
0.37690957749057,0.35200923015085583,NA,NA,NA,10.107201204248847,-898.6016901057362,1820.673855053619,1861.4217757993842,26520.3678278759,227.89279879575116,238,0.30181408301041446,11.187305436605378,KIL,30,moist_mean,gam
0.47097058578758083,0.45232637735718717,10.18247352195965,25.26095905577888,1.1385285882806772e-27,8,-877.9590815107751,1775.9181630215503,1810.5564810718065,23535.98811476793,227,236,0.428049991952194,10.37188427508561,KIL,31,moist_mean,lm
0.4829577509018257,0.46177867680156715,NA,NA,NA,10.247278394664797,-875.2545872552565,1773.8888369268095,1814.3804460609745,23002.691159855425,225.7527216053352,236,0.4276829948497794,10.378032423859947,KIL,31,moist_mean,gam
0.47971322582227266,0.46161629454652564,9.793897640713851,26.507987377128952,7.070917102780696e-29,8,-879.8799133748258,1779.7598267496517,1814.5244622689668,22061.69912925948,230,239,0.4383552115670151,9.971122743450085,KIL,32,moist_mean,lm
0.4939490351731288,0.4733701260863262,NA,NA,NA,10.300232678144383,-876.5646531786921,1776.551701681667,1817.2652535035675,21458.05867874746,228.69976732185563,239,0.43997420610631516,9.959723983173282,KIL,32,moist_mean,gam
0.4885573028416892,0.47069030905449927,9.205791264302086,27.34412451589759,1.4343493678040434e-29,8,-861.4402787192329,1742.8805574384658,1777.6032641751806,19406.96975163524,229,238,0.446557211690666,9.382590594336136,KIL,33,moist_mean,lm
0.5079348982314852,0.4864491830712102,NA,NA,NA,10.915502663276355,-856.8439606377019,1738.8263598941985,1782.4700914931639,18671.67641441746,227.08449733672364,238,0.44856910715950044,9.369595518200866,KIL,33,moist_mean,gam
0.4825959574067596,0.4645992950556903,9.020255582345271,26.815858851632413,3.7988246759032314e-29,8,-860.213360226392,1740.426720452784,1775.191355972099,18713.952477291135,230,239,0.4397827714654215,9.19818344961927,KIL,34,moist_mean,lm
0.5006587033639269,0.47994365531524275,NA,NA,NA,10.480090928561498,-855.967016173791,1735.6405198135503,1776.8478896234303,18060.642217561388,228.5199090714385,239,0.44533556628009013,9.154986224317733,KIL,34,moist_mean,gam
0.5333455160644596,0.5170431760143097,9.049762935597517,32.71588707043048,5.1487771218079e-34,8,-857.3718570116605,1734.743714023321,1769.4664207600358,18754.68990462784,229,238,0.49626795475877267,9.210271575406788,KIL,35,moist_mean,lm
0.544070260392094,0.5252538102690981,NA,NA,NA,10.393437536966456,-854.6050590657973,1733.249062080284,1774.9839221298168,18323.66596487077,227.60656246303355,238,0.48868619136703595,9.28420872026698,KIL,35,moist_mean,gam
0.5300289703568606,0.5136107684479299,8.861170966768427,32.283009631435505,1.137290870664751e-33,8,-852.3596619227297,1724.7193238454595,1759.4420305821743,17981.16035662663,229,238,0.49349159318804686,9.011405206865765,KIL,36,moist_mean,lm
0.5430557539139973,0.5247795903954131,NA,NA,NA,10.114614327083482,-849.0146111799519,1720.9479409997366,1760.7379383053462,17482.753711753638,227.88538567291653,238,0.497135011833381,8.98065916649411,KIL,36,moist_mean,gam
0.5267525917937854,0.5102199312450967,8.95992409853752,31.861332315055883,2.4739478497270817e-33,8,-854.9973770404922,1729.9947540809844,1764.7174608176992,18384.174926005726,229,238,0.49017730094672424,9.109570701446787,KIL,37,moist_mean,lm
0.537563256868553,0.5192166407996304,NA,NA,NA,10.043882083536403,-852.2474610781271,1727.2822281794024,1766.8440753974799,17964.214553577473,227.9561179164636,238,0.4913083198880417,9.101471184950269,KIL,37,moist_mean,gam
0.5209038502404777,0.504166866842765,8.79969626481437,31.1229232808864,9.769636604719463e-33,8,-850.7027740740652,1721.4055481481305,1756.1282548848453,17732.535846834246,229,238,0.48396660682183285,8.94700386368907,KIL,38,moist_mean,lm
0.532871639874598,0.514131333588941,NA,NA,NA,10.141261613983344,-847.6924041240807,1718.4314370675474,1758.443503755821,17289.57829269625,227.85873838601665,238,0.48638861338252004,8.9280006622689,KIL,38,moist_mean,gam
0.5492654272193448,0.5303864922337675,8.892614337243169,29.094089663371566,2.3373872976369612e-29,8,-716.2275292856384,1452.4550585712768,1485.4382322367571,15104.010642430068,191,200,0.5051946183260475,9.102443620706957,KIL,39,moist_mean,lm
0.5647371765648265,0.5431046359233316,NA,NA,NA,10.422016343626375,-712.7346697468844,1449.1291445137206,1488.147917406944,14585.55592232834,189.57798365637362,200,0.5062703306254278,9.095722477300319,KIL,39,moist_mean,gam
0.5262791743385453,0.509657390982003,9.02891559529523,31.662016225918627,3.968599926763192e-33,8,-853.2032109275127,1726.4064218550254,1761.0870232663767,18586.860236548117,228,237,0.48835300896438827,9.193257977170083,KIL,40,moist_mean,lm
0.5378828325441037,0.5193420641532045,NA,NA,NA,10.103399765039788,-850.264445927329,1723.4730289150916,1763.2588525211074,18131.580329868393,226.8966002349602,237,0.48977307847047735,9.182692723057238,KIL,40,moist_mean,gam
0.5041199344083597,0.4866439849601961,9.017125496188788,28.84649763400038,8.98777146769284e-31,8,-849.2750850141579,1718.5501700283157,1753.188488078572,18457.041352582062,227,236,0.46516484762836696,9.17213725368487,KIL,41,moist_mean,lm
0.5165432304601867,0.4969488256827257,NA,NA,NA,10.153512321987295,-846.2811660221984,1715.647765201,1755.6297940013178,17994.636620320114,225.8464876780127,236,0.46682542811398553,9.160215062412274,KIL,41,moist_mean,gam
0.7051030938015096,0.6507799795017877,8.57625215007637,12.979798800031597,2.1755235551378602e-8,7,-159.7307643451838,337.4615286903676,353.91930125876945,2794.9798357842033,38,46,0.6013537503814327,9.24025383987957,VAR,23,moist_mean,lm
0.7354478433296849,0.6801706292786518,NA,NA,NA,8.777505320059252,-157.2332540713924,334.3678750449103,352.56410672688264,2507.377757666484,37.22249467994075,46,0.6017454806938217,9.226777502425383,VAR,23,moist_mean,gam
0.6697339892759483,0.6104554745306057,9.812981263332809,11.298089909187002,1.0118464451944722e-7,7,-169.63952911345618,357.27905822691235,373.9303866423029,3755.48944970631,39,47,0.521190106675813,11.0181896660429,VAR,24,moist_mean,lm
0.669738538353196,0.6104568645350299,NA,NA,NA,8.000398023650611,-169.63920542270964,357.2800028151467,373.9328039200238,3755.437721671772,38.99960197634939,47,0.491113052240981,11.440742506063716,VAR,24,moist_mean,gam
0.7095702953044101,0.6560700865446962,10.51629282177157,13.262944421232277,1.6518801993599052e-8,7,-169.1114866663612,356.2229733327224,372.6807459011243,4202.511759103281,38,46,0.5707595698936401,11.820514325676395,VAR,25,moist_mean,lm
0.709576514543789,0.6560723650389333,NA,NA,NA,8.000561987381623,-169.11099414085515,356.2242360210738,372.68406374409994,4202.421766839405,37.99943801261838,46,0.5417557078585246,12.283203728407573,VAR,25,moist_mean,gam
0.7266490035898887,0.6762948726722366,10.85635000334866,14.430772418219926,5.519573987770884e-9,7,-170.57540955950057,359.15081911900114,375.608591687403,4478.692745017922,38,46,0.5931987657604811,12.225920209130617,VAR,26,moist_mean,lm
0.7293340611517322,0.6780310373350751,NA,NA,NA,8.170368387813163,-170.34836947528842,359.3204069653789,376.3484121085473,4434.699681227724,37.82963161218684,46,0.5668415556612093,12.677287593545717,VAR,26,moist_mean,gam
0.6296227896016435,0.5613954087387885,9.693723893788183,9.22830074434863,1.2718573773526284e-6,7,-165.3649202045954,348.7298404091908,365.18761297759266,3570.794751301998,38,46,0.45833475523070993,10.923218269763359,VAR,27,moist_mean,lm
0.6492212837319767,0.5761990085375368,NA,NA,NA,8.753644870934298,-164.11449329891616,348.6628952986663,367.3460409698781,3381.846300886412,37.246355129065705,46,0.42959064434031446,11.277849540262292,VAR,27,moist_mean,gam
0.6176819729564815,0.5472549679747808,9.76864405503847,8.770527344119992,2.224132031728289e-6,7,-165.71907489429515,349.4381497885903,365.8959223569922,3626.203453613461,38,46,0.44075429958684337,11.00407139903341,VAR,28,moist_mean,lm
0.6337209131453659,0.5588968895052344,NA,NA,NA,8.633319701666158,-164.73335886739216,349.58713093508993,367.98364118136215,3474.0775893036102,37.36668029833384,46,0.417220721803335,11.313457049072303,VAR,28,moist_mean,gam
0.6212294639314396,0.5532450087396468,11.199151157895795,9.137816316669326,1.2308416304424565e-6,7,-175.84972644437866,369.6994528887573,386.35078130414786,4891.41847963855,39,47,0.446984823690178,12.539566224004782,VAR,29,moist_mean,lm
0.6480977992013235,0.5764906755042113,NA,NA,NA,8.777698151011835,-174.12066041976604,368.4630651442157,387.1696710080679,4544.4425162482885,38.22230184898817,47,0.4195974343299066,12.997628856341663,VAR,29,moist_mean,gam
0.6260336978047456,0.5533180279334462,10.947359897593136,8.60933687213185,3.5768988575942398e-6,7,-163.3148663266089,344.6297326532178,360.68743935848215,4314.408794187494,36,44,0.42106226498244953,12.585296353119166,VAR,30,moist_mean,lm
0.685077125274769,0.6083121640889699,NA,NA,NA,9.427357268605965,-159.53443196410848,340.7344818492113,360.0622673027472,3633.231155399501,34.57264273139403,44,0.4319195056547468,12.579915217009999,VAR,30,moist_mean,gam
0.6320346473256638,0.5604858287500984,11.466502969292332,8.833614026179179,2.7323151097047853e-6,7,-165.35346014656173,348.70692029312346,364.7646269983878,4733.304852412435,36,44,0.42750003131147923,13.232592987992916,VAR,31,moist_mean,lm
0.6798883941065208,0.6034698416501074,NA,NA,NA,9.286879790682294,-162.28844038678824,346.03945742993045,365.18611082365186,4117.74045158578,34.71312020931771,44,0.4036569882043991,13.738087914965535,VAR,31,moist_mean,gam
0.63779447345543006,0.5673656210717637,11.852580318646602,9.0558691767544,2.1000213816794667e-6,7,-166.81054622143955,351.6210924428791,367.67879914814347,5057.411767558876,36,44,0.4354642174455879,13.668522476221584,VAR,32,moist_mean,lm
0.6827170235403296,0.607351232110769,NA,NA,NA,9.253506177779053,-163.8973555521126,349.203451334646,368.3020775318288,4430.166138273406,34.74649382222095,44,0.4090827070696263,14.221324644653546,VAR,32,moist_mean,gam
0.6210550283234266,0.5473712838307596,11.041961376858458,8.428657264903709,4.456171417774157e-6,7,-163.69345834556148,345.38691669112296,361.4446233963873,4389.296797729221,36,44,0.4102780329770776,12.764297301634771,VAR,33,moist_mean,lm
0.6651291828689992,0.585839721617041,NA,NA,NA,9.232191766786508,-160.9732427348017,343.3378734763384,362.42101984470844,3878.7885185096825,34.76780823321349,44,0.374274755081957,13.446607936958928,VAR,33,moist_mean,gam
0.6056283283283407,0.528944947725518,11.257231186566095,7.897778156979796,8.628771397839519e-6,7,-164.5430107100429,347.0860214200858,363.14372812535015,4562.109143560666,36,44,0.3904239912219461,12.988149779086163,VAR,34,moist_mean,lm
0.6486396903389214,0.5658613471228316,NA,NA,NA,9.198921553522553,-162.0024160918015,345.35001203239324,364.39193634255946,4064.551783333138,34.80107844647745,44,0.34457784165960026,13.852520476978192,VAR,34,moist_mean,gam
0.5976545728694853,0.5194207398163297,11.235053231766448,7.639336455155039,1.2003560747351335e-5,7,-164.45624048170293,346.91248096340587,362.97018766867023,4544.151160342526,36,44,0.37640050893548416,13.005578590277132,VAR,35,moist_mean,lm
0.6475371888912095,0.5635196309787062,NA,NA,NA,9.277015982043835,-161.54419123523593,344.5521793523051,363.69992130285203,3980.7692198724803,34.722984017956165,44,0.3326924854910183,13.857487206340735,VAR,35,moist_mean,gam
0.5960788637912939,0.5175386428618234,11.790289219017936,7.589472715216509,1.2801300170531994e-5,7,-166.5786949462743,351.1573898925486,367.215096597813,5004.3931152512605,36,44,0.377961421232951,13.591065246474487,VAR,36,moist_mean,lm
0.6446416922867121,0.5603349979513792,NA,NA,NA,9.245340974441307,-163.76064776834352,348.92697249831554,368.0228659692858,4402.722485036886,34.754659025558695,44,0.3331035573843454,14.50441620071671,VAR,36,moist_mean,gam
0.592669051408598,0.5134658114047144,11.865025521727265,7.4828889749906295,1.4699314775997025e-5,7,-166.85672196021278,351.71344392042556,367.7711506256899,5068.037902724616,36,44,0.3721812456235352,13.691323233855796,VAR,37,moist_mean,lm
0.6440816842217089,0.5594487074650196,NA,NA,NA,9.260599985071382,-163.8883776348706,349.19356286062634,368.29938590826595,4428.358613250641,34.73940001492862,44,0.33142643031232266,14.541595550105043,VAR,37,moist_mean,gam
0.5498173731461421,0.46228186236900304,11.58129690953022,6.281078024962339,7.50493304445406e-5,7,-165.791764467518,349.583528935036,365.64123564030035,4828.551771840992,36,44,0.3149708021386911,13.33253123326634,VAR,38,moist_mean,lm
0.6074806167985494,0.5144639177538062,NA,NA,NA,9.237735989507524,-162.7762812730188,346.90635488447015,365.95596235200736,4210.069536633999,34.76226401049247,44,0.2839661701315758,14.058098721673586,VAR,38,moist_mean,gam
0.5745783391691909,0.48949400700302903,11.14680248277904,6.753045179306253,4.317907905391227e-5,7,-160.26810317157387,338.53620634314774,354.3870073843898,4348.7921956531145,35,43,0.3399527544190733,12.88998403109442,VAR,39,moist_mean,lm
0.6391029003863709,0.5456351706886753,NA,NA,NA,9.63985148950297,-156.73161235132088,336.15457768410135,356.1365844321964,3689.2021134245315,33.36014851049703,43,0.3065717745866949,13.585161781422075,VAR,39,moist_mean,gam
0.558209886911747,0.4698518642940964,11.416925358620414,6.317591435101193,7.831711745443388e-5,7,-161.2977059645154,340.5954119290308,356.4462129702728,4562.116462550846,35,43,0.31729993987059724,13.22100969313357,VAR,40,moist_mean,lm
0.6264502438744147,0.5298820383238152,NA,NA,NA,9.627333911395693,-157.69035640450846,338.02962231574367,357.97425333753375,3857.436917475689,33.372666088604305,43,0.292234335739211,13.813411753538693,VAR,40,moist_mean,gam
0.5110397876927153,0.4103715086882743,11.325711601112532,5.076472874540459,5.095008240533047e-4,7,-157.09509859266228,332.19019718532456,347.82922374987487,4361.23927123355,34,42,0.2509117761941253,13.190399524573385,VAR,41,moist_mean,lm
0.5866125946102146,0.47698365903195683,NA,NA,NA,9.593969263731298,-153.56928385531913,329.7013608096989,349.30470084562455,3687.174009745938,32.406030736268704,42,0.2296071549802154,13.754629817958644,VAR,41,moist_mean,gam
0.526768362129403,0.4293383190383978,11.305215773482105,5.40663172690349,3.1267797011258144e-4,7,-157.01902349581957,332.03804699163913,347.67707355618944,4345.468725289613,34,42,0.27340658373898485,13.131471434958831,VAR,42,moist_mean,lm
0.5941866709759547,0.4875753720981679,NA,NA,NA,9.530158419369812,-153.79149745701932,330.02891157217664,349.5307052878601,3726.397367502001,32.46984158063019,42,0.2402016599479049,13.84572439338488,VAR,42,moist_mean,gam
0.6066618343384331,0.5178435388664664,9.977753282283771,6.8303701519459015,6.147879617288833e-5,7,-140.57586095850868,299.15172191701737,314.1237767321842,3086.2223774258614,31,39,0.3649141355506171,11.69509010181225,VAR,44,moist_mean,lm
0.6271660468236133,0.5349558151272136,NA,NA,NA,8.534743833904116,-139.53189804796202,298.6362363980529,314.91621690194484,2925.3415757959856,30.465256166095884,39,0.31278770701464637,12.518923383328213,VAR,44,moist_mean,gam
0.5783912569833328,0.472989071229166,11.129497392169705,5.48746928581097,4.7645370087980976e-4,7,-133.30369171424837,284.60738342849675,298.8590538746017,3468.239941664744,28,36,0.2977731552790921,13.895965444275054,VAR,43,moist_mean,lm
0.6310154641342064,0.5259369551833295,NA,NA,NA,8.757929780632749,-130.90387771824211,281.69120404512614,297.43411276192774,3035.342426700536,27.24207021936725,36,0.2749056996659039,14.752326409711985,VAR,43,moist_mean,gam
0.6051852662977624,0.5262223195573148,10.324948466768241,7.66416770497454,3.6534383322151097e-6,8,-178.94953168751778,377.89906337503555,396.81726635614183,4264.182433656794,40,49,0.32264350265072933,12.819104227105802,TII,21,moist_mean,lm
0.7018377004142201,0.626169740895226,NA,NA,NA,10.715805418238645,-172.07045455329285,368.27139687000977,391.0966701470877,3220.2912701613577,38.284194581761355,49,0.3793369437512391,12.404507742829788,TII,21,moist_mean,gam
0.5546001174270595,0.4655201409124714,11.33366284084625,6.2258673511912725,3.204009713010398e-5,8,-183.51702562527845,387.0340512505569,405.9522542316632,5138.076535599164,40,49,0.27498631783418304,13.80294376011267,TII,22,moist_mean,lm
0.6531459165148207,0.5665244961078983,NA,NA,NA,10.591841158727194,-177.39035207047948,378.5987236951403,401.12843012183833,4001.264700244054,38.40815884127281,49,0.3592218366377994,12.92407807214499,TII,22,moist_mean,gam
0.5298975922178806,0.43587711066145673,11.626012148910482,5.635980410288331,8.327966210637133e-5,8,-184.7649431476683,389.5298862953366,408.4480892764429,5406.5663394645635,40,49,0.2442270350771145,14.094302220651409,TII,23,moist_mean,lm
0.6433685750178297,0.554014458062021,NA,NA,NA,10.616898330922275,-177.9968736543015,379.82756290786295,402.3722109739158,4101.556226866918,38.383101669077725,49,0.37062418218585463,12.636130547834442,TII,23,moist_mean,gam
0.518689611556182,0.4224275338674184,11.74512233092053,5.388306839098353,1.2587698811227673e-4,8,-185.26440109702742,390.52880219405483,409.4470051751611,5517.915942731524,40,49,0.21911152083060145,14.308583149604145,TII,24,moist_mean,lm
0.6358823943921006,0.5450622901318545,NA,NA,NA,10.58233382270133,-178.4280325125576,380.64326446001434,403.1438178230883,4174.375598891904,38.41766617729867,49,0.36301839867658364,12.585174397511524,TII,24,moist_mean,gam
0.5096136896408447,0.41153642756901376,11.50833045960697,5.196043189578513,1.7434313890219038e-4,8,-184.26642433413684,388.5328486682737,407.45105164937996,5297.666798700703,40,49,0.20887785965303995,14.030097080670243,TII,25,moist_mean,lm
0.6231267673700567,0.5268381017674533,NA,NA,NA,10.768022248176543,-177.81595185349872,380.192771702389,403.42514600883766,4071.3795830890967,38.23197775182346,49,0.3039560867466611,13.047929482786786,TII,25,moist_mean,gam
0.47024066675879805,0.36428880011055764,10.788875441055621,4.43824806145223,6.576290946012242e-4,8,-181.10319947301076,382.2063989460215,401.1246019271278,4655.993331304526,40,49,0.20199150724716977,12.656503477793434,TII,26,moist_mean,lm
0.5572826476721443,0.45242184295461096,NA,NA,NA,10.191963853343395,-176.70566312186645,376.49459931980414,398.3293015958752,3890.991457346873,38.808036146656605,49,0.30888457482596593,11.464821233477878,TII,26,moist_mean,gam
0.518976851602212,0.4227722219226544,10.495250426015655,5.394510153314261,1.2457022959856204e-4,8,-179.75115535702508,379.50231071405017,398.42051369515644,4406.0112601912715,40,49,0.2651603326235641,12.337551210905348,TII,27,moist_mean,lm
0.5918164714263641,0.49266162104331546,NA,NA,NA,10.381180324212558,-175.72829219727686,375.0305686211268,397.3294395547121,3738.824688812659,38.61881967578744,49,0.31264559360440825,11.864525507073159,TII,27,moist_mean,gam
0.5493028186134438,0.4591633823361325,10.803023753021161,6.093923384694024,3.9535975844991205e-5,8,-181.1674149808086,382.3348299616172,401.25303294272345,4668.212888333577,40,49,0.28616726112933843,12.958393196382268,TII,28,moist_mean,lm
0.6225449671417258,0.5300404614415908,NA,NA,NA,10.448082035374256,-176.8224812849964,377.320416212882,399.71526809717943,3909.588348732302,38.551917964625744,49,0.33157527364276335,12.507639334606136,TII,28,moist_mean,gam
0.5573161852954627,0.4687794223545553,10.736034838061945,6.294743186708045,2.873227544162286e-5,8,-180.86262288391129,381.72524576782257,400.64344874892885,4610.497761763191,40,49,0.2829297801331628,13.116607371909208,TII,29,moist_mean,lm
0.6381257416261167,0.5488262977679279,NA,NA,NA,10.50049456337386,-175.92442788055652,375.5779598995899,398.02356033216563,3768.8761207275356,38.49950543662614,49,0.3386467253293452,12.546428014745098,TII,29,moist_mean,gam
0.559370185627899,0.47124422275347877,10.39370174819672,6.3473937462107894,2.644527352358258e-5,8,-179.2747385056461,378.5494770112922,397.4676799923985,4321.161441218703,40,49,0.2809582134052749,12.677493395648298,TII,30,moist_mean,lm
0.6353128063764167,0.5452829302922328,NA,NA,NA,10.503566810936045,-174.64019313014018,373.0302539935874,395.4954949212438,3576.408558368005,38.49643318906396,49,0.3128867713128072,12.435391907135015,TII,30,moist_mean,gam
0.5582799368449624,0.4699359242139548,10.45955462843,6.319386229112869,2.763716276448003e-5,8,-179.58421552923915,379.1684310584783,398.08663403958457,4376.091321004458,40,49,0.2687707393073462,12.890807575266413,TII,31,moist_mean,lm
0.6406841774993023,0.5514671745688119,NA,NA,NA,10.547609222461535,-174.52558758458318,372.8456324025039,395.3530509907805,3559.717983181106,38.45239077753847,49,0.30464134970803347,12.623565282129466,TII,31,moist_mean,gam
0.5687539338841651,0.48250472066099814,10.602233950706772,6.594308662416816,1.799579370570325e-5,8,-180.24810916913117,380.49621833826234,399.4144213193686,4496.294589820774,40,49,0.27745861151273665,13.15816899689673,TII,32,moist_mean,lm
0.6511318065048384,0.56436569402299,NA,NA,NA,10.560251206085042,-175.05448488999522,373.91542624863985,396.4341950353789,3637.399374100039,38.43974879391496,49,0.30800998776068544,12.960448120021002,TII,32,moist_mean,gam
0.577574435546081,0.49308932265529726,10.728875915064888,6.836404850316377,1.2416939868263762e-5,8,-180.82993816941172,381.65987633882344,400.5780793199297,4604.351136034378,40,49,0.28431028363138294,13.438417819929462,TII,33,moist_mean,lm
0.6592395411226466,0.574451505485537,NA,NA,NA,10.563717797250806,-175.5665176971013,374.94170598990485,397.46256914189445,3714.218404314148,38.4362822027492,49,0.3135091319585585,13.243921178700552,TII,33,moist_mean,gam
0.57773495690615,0.4932819482873799,10.445974661666103,6.840904384047558,1.2332319927498301e-5,8,-179.5205559628353,379.0411119256706,397.95931490677685,4364.73546528681,40,49,0.2736322821727174,13.219254929700552,TII,34,moist_mean,lm
0.6646137357004985,0.58111999905834,NA,NA,NA,10.567655055897,-173.8769739624289,371.5544920444758,394.0676682802613,3466.714439899157,38.432344944103,49,0.3254213968305206,12.712767972024528,TII,34,moist_mean,gam
0.5797198363743445,0.4956638036492135,10.136202926688108,6.896826052569807,1.132952701281338e-5,8,-178.04549714639612,376.09099429279223,395.0091972738985,4109.704390840024,40,49,0.28058892386939993,12.82686939613697,TII,35,moist_mean,lm
0.6587951304702349,0.5736145558032584,NA,NA,NA,10.58913499431816,-172.9387549289544,369.8580464913086,392.5414794726342,3336.467603861175,38.41086500568184,49,0.28566596423473395,12.942586117820385,TII,35,moist_mean,gam
0.5849993267921644,0.5019991921505973,10.251757712255571,7.04817322668766,9.0205306550859e-6,8,-178.6009470243644,377.2018940487288,396.12009702983505,4203.941447631663,40,49,0.28492008777416034,12.891711495198889,TII,36,moist_mean,lm
0.6674210224028805,0.5841206385652926,NA,NA,NA,10.614370884889324,-173.1765788183702,370.3353333132388,393.0203166820661,3369.0127240619972,38.385629115110675,49,0.3082635571310596,12.782406432709143,TII,36,moist_mean,gam
0.5519829687453768,0.4623795624944521,9.45058696947479,6.160290013971213,3.5560205499260124e-5,8,-174.6137032337936,369.2274064675872,388.14560944869345,3572.543762704268,40,49,0.2835390121969827,11.408340342085149,TII,37,moist_mean,lm
0.617123071132461,0.5236921377255395,NA,NA,NA,10.415517060997074,-170.76432093390008,365.1841775202694,387.56018877527976,3053.108450539462,38.584482939002925,49,0.2696924638057285,11.73270952971718,TII,37,moist_mean,gam
0.5643684315271915,0.4772421178326298,10.031385446410104,6.477588774221475,2.1569467811718626e-5,8,-177.53615486067503,375.07230972135005,393.99051270245633,4025.147758977938,40,49,0.2674406997394392,12.453620993333407,TII,38,moist_mean,lm
0.6545701093701822,0.5682745698271477,NA,NA,NA,10.594491333084614,-171.8519794765751,367.53817573664406,390.0832032869354,3191.702463223559,38.40550866691539,49,0.2934383238477838,12.367272923673566,TII,38,moist_mean,gam
0.5754159422562403,0.4904991307074883,10.323640981001086,6.7762311344660615,1.360877957037055e-5,8,-178.94332624643053,377.88665249286106,396.80485547396734,4263.102524184203,40,49,0.2761381748708611,12.917554190861317,TII,39,moist_mean,lm
0.6657359631737964,0.582122542103277,NA,NA,NA,10.604356816913636,-173.08344584383843,370.00794773921785,392.5594446225671,3356.2302520500925,38.395643183086364,49,0.3040075405259895,12.77197480098113,TII,39,moist_mean,gam
0.5676356278283958,0.481162753394075,10.639554269527624,6.56432010086047,1.885047111739076e-5,8,-180.42028841175156,380.8405768235031,399.7587798046094,4528.0046021689395,40,49,0.2699428776747998,13.246399078330342,TII,40,moist_mean,lm
0.6549529649060417,0.5688559183117372,NA,NA,NA,10.585329851552315,-174.89338374717133,373.6145601517926,396.15351105606015,3613.5599124945675,38.414670148447684,49,0.29126647232560504,13.172475562341727,TII,40,moist_mean,gam
0.543207764376653,0.45184931725198363,10.153852705563637,5.945895332868143,5.016892050158417e-5,8,-178.13074475721703,376.26148951443406,395.17969249554034,4124.028990651279,40,49,0.23801470315680015,12.620919656894854,TII,41,moist_mean,lm
0.6393625705749385,0.5492038115144123,NA,NA,NA,10.599949035601952,-172.3400335895567,368.5177088756122,391.0659760858746,3255.9205215765983,38.40005096439805,49,0.2704095102558978,12.439904361360622,TII,41,moist_mean,gam
0.5407179378289766,0.448861525394772,9.940143154712528,5.8865562403309015,5.5233847472694774e-5,8,-177.08842714902897,374.17685429805795,393.0950572791642,3952.2578374471327,40,49,0.24078352873259032,12.27292068987771,TII,42,moist_mean,lm
0.6366683897688018,0.545918344115613,NA,NA,NA,10.592993099157773,-171.346886650009,366.5240695492715,389.0653886264351,3126.5758504494406,38.40700690084223,49,0.27156377689882383,12.12251791903566,TII,42,moist_mean,gam
0.5064511805702944,0.40774141668435326,10.141480443872876,5.130710080063584,1.9494587866913853e-4,8,-178.07100285562007,376.14200571124013,395.0602086923464,4113.985023738239,40,49,0.17685035970839613,12.798091795731738,TII,43,moist_mean,lm
0.6301716738639941,0.5368892927430413,NA,NA,NA,10.668431810455505,-171.00072267989705,365.90117879959166,388.5081792200128,3082.71063607398,38.3315681895445,49,0.20865184636074316,12.79578132629238,TII,43,moist_mean,gam
0.5699245550266993,0.47435223392152126,9.382603169969727,5.963280460662808,7.040367864066021e-5,8,-159.5800802481355,339.160160496271,357.2267853939742,3169.196720824535,36,45,0.1941692227533348,13.613628463182772,TII,44,moist_mean,lm
0.6997942660786572,0.6181942144175223,NA,NA,NA,10.403739829694985,-151.4914961323285,326.4310360136301,347.6123865635116,2212.195647615517,34.596260170305015,45,0.20869235638901293,14.223609946152369,TII,44,moist_mean,gam
0.6576677166400983,0.5836499256433627,9.235721298254138,8.885265390709973,1.0777260929526663e-6,8,-162.52515330955976,345.0503066191195,363.33672058401044,3156.0462722639286,37,46,0.3475680745657859,11.90084738075367,TII,20,moist_mean,lm
0.7643619915855061,0.6954278713039622,NA,NA,NA,11.18489586013728,-153.93499625465142,333.72603749875776,357.3667546073586,2172.405274668201,34.81510413986272,46,0.44132526937658684,10.83327659921506,TII,20,moist_mean,gam
0.6606755347172756,0.5701890106418824,9.413834349655513,7.3013693637607515,2.3614374650304888e-5,8,-137.66753315737702,295.33506631475404,311.9706827760505,2658.6083148826215,30,39,0.26758839267808227,12.777268445851917,TII,19,moist_mean,lm
0.7765502786946253,0.6976320275450636,NA,NA,NA,10.918026434265586,-129.52101140623137,283.9468974347249,304.66229454635635,1750.7293101477353,28.081973565734415,39,0.29991966583322327,12.632010565036671,TII,19,moist_mean,gam
0.6151972398641932,0.492060356620735,9.929716210102361,4.996043619586063,8.864557968049926e-4,8,-121.06475478583486,262.1295095716697,277.39311481783136,2464.98160032924,25,34,0.32713403666828067,11.580769008982738,PIS,19,moist_mean,lm
0.6500158859506917,0.5258686999025002,NA,NA,NA,9.64076499220332,-119.45242163273215,260.6470963953262,277.2403548421429,2241.9392242264703,24.35923500779668,34,0.27993232367369036,12.496540765856338,PIS,19,moist_mean,gam
0.5434010640539618,0.43271041291552836,10.721173689100661,4.909186624752673,4.713830586874032e-4,8,-154.1642818955109,328.3285637910218,345.7052599738555,3793.137653971522,33,42,0.2574333274041414,12.760784502578298,PIS,20,moist_mean,lm
0.6057786088909639,0.4978716160729727,NA,NA,NA,9.81086759313847,-151.0795342326225,324.0880785876343,343.1407659119865,3274.944124691174,32.18913240686153,42,0.25900250616948606,12.997902472852676,PIS,20,moist_mean,gam
0.528340216328407,0.42635972256157606,10.557716808804605,5.180796805479376,2.22624333218996e-4,8,-168.6789564052105,357.357912810421,375.6443267753119,4124.219215951865,37,46,0.2720094437940625,12.192783313868965,PIS,21,moist_mean,lm
0.5809132613669008,0.47918306095950847,NA,NA,NA,9.789765991034212,-165.96081602712795,353.8337711995209,373.8684935628513,3664.517604546666,36.210234008965784,46,0.24334769047530969,12.891645831489578,PIS,21,moist_mean,gam
0.5717071307319606,0.4838521831897986,10.4739849680582,6.507398236822075,2.274827068177522e-5,8,-175.87264375221906,371.7452875044381,390.457297613517,4278.470083333256,39,48,0.35206812697728646,11.95919580809445,PIS,22,moist_mean,lm
0.6404688337167922,0.548629461602808,NA,NA,NA,10.56298677508924,-171.67249090236396,367.1369701625267,389.3967664958377,3591.568875749683,37.43701322491076,48,0.3348780283785195,12.612281318515748,PIS,22,moist_mean,gam
0.600604197653111,0.5186768535819544,10.350276350686212,7.330936996217839,6.670132731241214e-6,8,-175.30233939455363,370.60467878910725,389.31668889818616,4178.000600887397,39,48,0.3962544258510519,11.751673857407855,PIS,23,moist_mean,lm
0.6599468616925203,0.5736142192116624,NA,NA,NA,10.516345008265102,-171.44191499877246,366.6281343138176,388.8433174337747,3557.2287135565134,37.483654991734895,48,0.37131104365266565,12.431791502410075,PIS,23,moist_mean,gam
0.6063536626129388,0.5256056959694391,10.400992587300005,7.509212774235851,5.160881925086285e-6,8,-175.53696448776986,371.07392897553973,389.78593908461863,4219.045225241715,39,48,0.40704782737690154,11.779588588844323,PIS,24,moist_mean,lm
0.6687382543133146,0.5842534515965925,NA,NA,NA,10.550977014565612,-171.3959072877337,366.5706640248782,388.8181675888602,3550.4160808955194,37.44902298543439,48,0.38827048889452986,12.416407852731863,PIS,24,moist_mean,gam
0.6143556037610106,0.5352490609427565,10.211397233433772,7.766179406581843,3.584967987971537e-6,8,-174.6539195103784,369.3078390207568,388.0198491298357,4066.632704900177,39,48,0.4173919237160185,11.567464419192444,PIS,25,moist_mean,lm
0.6792446687061294,0.5970358185619676,NA,NA,NA,10.58848486976449,-170.23222990505036,364.2802068178154,386.5622317559965,3382.375403952177,37.41151513023551,48,0.40525867222364886,12.070201258630716,PIS,25,moist_mean,gam
0.615703549285475,0.5368735081132647,9.956479668769683,7.810519189510805,3.368655434644838e-6,8,-173.44043582516645,366.8808716503329,385.5928817594118,3866.128008390339,39,48,0.4081650606347191,11.420218149865068,PIS,26,moist_mean,lm
0.6774326949784869,0.5944772660949229,NA,NA,NA,10.614516848370208,-169.23797703452604,362.489189356509,384.9559844290382,3245.115821954496,37.38548315162979,48,0.3688844517485911,12.333532053205301,PIS,26,moist_mean,gam
0.4991013060807867,0.3963528560460764,10.471135779628932,4.857506910441769,3.3328561771547903e-4,8,-175.8595847637228,371.7191695274456,390.4311796365245,4276.142696101583,39,48,0.2592231814204969,11.97613578583374,PIS,27,moist_mean,lm
0.5757203133282374,0.467672260330102,NA,NA,NA,10.539721702388544,-171.87532084174558,367.520857650321,389.76028372363646,3622.050736587345,37.46027829761145,48,0.24326745162419885,12.650771541455878,PIS,27,moist_mean,gam
0.5119816442238018,0.41187531483381246,10.265800365382237,5.11437835493147,2.1482720340517387e-4,8,-174.90896969143392,369.81793938286785,388.52994949194675,4110.079628533401,39,48,0.27390165303084796,11.741196115912574,PIS,28,moist_mean,lm
0.5915364443973441,0.48723526054077115,NA,NA,NA,10.560243253911786,-170.6381619084244,365.0625606876845,387.3169759268856,3440.070888748885,37.439756746088214,48,0.255196628433017,12.495718835626725,PIS,28,moist_mean,gam
0.5464069329889458,0.45336220129437066,9.991792923592342,5.87251876637743,6.156171894190445e-5,8,-173.61037916178887,367.22075832357774,385.93276843265664,3893.601107290051,39,48,0.30951242137662827,11.536602346124965,PIS,29,moist_mean,lm
0.6336967837973925,0.5391387352218906,NA,NA,NA,10.643310520332737,-168.4806427311941,360.82043604066934,383.14306938141095,3144.3130681175544,37.35668947966727,48,0.30365703360066465,12.18472279126276,PIS,29,moist_mean,gam
0.49470023571334093,0.39104900201351356,10.199973940447506,4.772738519890519,3.8595027117386795e-4,8,-174.60019277973237,369.20038555946473,387.91239566854364,4057.5392670465217,39,48,0.24402616898869922,11.766975457460763,PIS,30,moist_mean,lm
0.5899473781310192,0.48440684133273126,NA,NA,NA,10.620773949641679,-169.58740041978433,363.0122214906554,385.3145243005305,3292.7080762398386,37.37922605035832,48,0.24552317840512353,12.37219197017297,PIS,30,moist_mean,gam
0.5038732580629727,0.40210366997332603,10.392801722324815,4.9511181829597435,2.83728263705312e-4,8,-175.49914921141482,370.99829842282963,389.71030853190854,4212.402777942748,39,48,0.26132425611494053,11.907623759694355,PIS,31,moist_mean,lm
0.5915736957170292,0.4868484306872852,NA,NA,NA,10.591878405419914,-170.83067089551707,365.47398889464137,387.7531135609727,3467.7753753593297,37.40812159458009,48,0.26026251631542885,12.476552971955591,PIS,31,moist_mean,gam
0.4889519346631558,0.3841215622863673,10.349621127746314,4.664220145147735,4.6629546595641883e-4,8,-175.29930066441898,370.59860132883796,389.31061143791686,4177.471642027822,39,48,0.23743892028285657,11.91587688587936,PIS,32,moist_mean,lm
0.5845720870167388,0.47782624447353006,NA,NA,NA,10.608017535221544,-170.3275916447474,364.47931231514036,386.76917947353434,3395.8416898623923,37.39198246477846,48,0.2393003065050965,12.505619887458554,PIS,32,moist_mean,gam
0.5249179081435792,0.4274651713525185,10.204723020651498,5.386384471366943,1.3612271844781323e-4,8,-174.62253624842901,369.24507249685803,387.95708260593693,4061.31850520037,39,48,0.28220932093712126,11.74596457462742,PIS,33,moist_mean,lm
0.6024107324685168,0.5009023868151794,NA,NA,NA,10.559036388218821,-170.3489010618293,364.48199380421664,386.7344955623602,3398.858170774152,37.44096361178118,48,0.27441045948759724,12.268303749554333,PIS,33,moist_mean,gam
0.5194866668708877,0.42091982930594163,10.076690346946654,5.270400062582873,1.651776529200539e-4,8,-174.01649860547002,368.03299721094004,386.74500732001894,3960.0478455816674,39,48,0.273007802878946,11.613522669104828,PIS,34,moist_mean,lm
0.5946967594280769,0.49171349994029434,NA,NA,NA,10.522608204934086,-169.93123186832167,363.60550124010064,385.8194991293472,3340.2199563999375,37.47739179506591,48,0.2630179445859333,12.049111735209413,PIS,34,moist_mean,gam
0.4884161191213365,0.3834758358641748,10.216537114577172,4.65422909069577,4.7452007671592997e-4,8,-174.6780741112192,369.3561482224384,388.0681583315173,4070.72759392778,39,48,0.2421001284269998,11.669249773191096,PIS,35,moist_mean,lm
0.5664188999947668,0.45632797576189077,NA,NA,NA,10.517269986801864,-170.70768927983215,365.1555960675071,387.3669555674314,3450.0511332871324,37.482730013198136,48,0.23090663892564614,12.16004763481209,PIS,35,moist_mean,gam
0.4889204724317159,0.3840836462638627,10.305085627511255,4.663632907475759,4.6677475111965106e-4,8,-175.09230597313962,370.18461194627923,388.89662205535814,4141.596801823222,39,48,0.23917232632520036,11.79317877252188,PIS,36,moist_mean,lm
0.5613412725378035,0.45073064927306994,NA,NA,NA,10.464754016517148,-171.42502233840605,366.52755738958047,388.6802502515388,3554.725800490112,37.53524598348285,48,0.22676970451997822,12.265192870101117,PIS,36,moist_mean,gam
0.4623998787400872,0.3521229307893359,9.764522355549207,4.193078311766397,0.0010779436350269928,8,-172.50597600122953,365.01195200245905,383.72396211153796,3718.489976448789,39,48,0.22471775401513241,10.99355261289222,PIS,37,moist_mean,lm
0.5441085116713994,0.4292564764274911,NA,NA,NA,10.457918370540911,-168.54933125494063,360.7494800140166,382.8771968252847,3153.325050830172,37.54208162945909,48,0.22084177277923966,11.3704376392187,PIS,37,moist_mean,gam
0.5560347414857736,0.46496494486747075,9.262052258008236,6.105588923364565,4.249213102032853e-5,8,-169.97013605054366,359.9402721010873,378.6522822101662,3345.638869172943,39,48,0.3808286735067964,10.024449522980147,PIS,38,moist_mean,lm
0.6054429907952189,0.5076158378275138,NA,NA,NA,10.33798554607341,-167.13855190067812,357.80157021370985,379.81107287964227,2973.307574826472,37.66201445392659,48,0.36251656914117164,10.395325564117886,PIS,38,moist_mean,gam
0.5553875582291775,0.46418500607106006,10.054381830546253,6.0896054451009745,4.357768679240756e-5,8,-173.9101148802411,367.8202297604822,386.5322398695611,3942.5331657823263,39,48,0.3537089408022548,11.189268512860462,PIS,39,moist_mean,lm
0.6086674153368873,0.5108842331133202,NA,NA,NA,10.396159101067012,-170.84663039855417,365.30093286671763,387.3882827876351,3470.0821410681674,37.60384089893299,48,0.33166193371532593,11.66398385699259,PIS,39,moist_mean,gam
0.5581837286279057,0.46755474988491197,10.072781754338513,6.1589983288988295,3.906522189478739e-5,8,-173.99787653471788,367.99575306943575,386.70776317851465,3956.9763585508585,39,48,0.35644049213091067,11.214322019320411,PIS,40,moist_mean,lm
0.6098454407375999,0.5125099795128146,NA,NA,NA,10.384328879169654,-171.01344884794412,365.6213948997566,387.6964184096275,3494.2858994026124,37.61567112083034,48,0.3309994788610312,11.729514033275395,PIS,40,moist_mean,gam
0.5447825491496404,0.4514046105136692,9.588982884680746,5.834167653597982,6.547295284319135e-5,8,-171.63521635653882,363.27043271307764,381.98244282215654,3585.9951177453113,39,48,0.33901292655747595,10.69595897229045,PIS,41,moist_mean,lm
0.6132984456422341,0.5150480491381866,NA,NA,NA,10.52211580442959,-167.72028834228647,359.1900739247191,381.41011554687697,3046.2581857550863,37.47788419557041,48,0.34053332371999595,10.955620900814113,PIS,41,moist_mean,gam
0.5849239357428972,0.4997801276901582,9.024395686230548,6.86983527188012,1.3142985275632754e-5,8,-168.72241885526978,357.44483771053956,376.15684781961846,3176.1489825646045,39,48,0.3896574164144756,10.093771723561769,PIS,42,moist_mean,lm
0.6442849103802042,0.5542047202888873,NA,NA,NA,10.497114767647368,-165.0184582850478,353.76128232813556,375.957810922932,2721.920672542028,37.50288523235263,48,0.37898456208756853,10.450380353803938,PIS,42,moist_mean,gam
0.6085119497332161,0.5282067086528501,8.624473337316324,7.577487366288388,4.6817993039993755e-06,8,-166.54669197736592,353.09338395473185,371.80539406381075,2900.8800734971273,39,48,0.4420657761988567,9.43029935977774,PIS,43,moist_mean,lm
0.662252084986408,0.5769092142296827,NA,NA,NA,10.480506455046262,-163.00296745665574,349.7146499905881,371.89653580055165,2502.6720377811216,37.51949354495374,48,0.43857080124442777,9.656944498156566,PIS,43,moist_mean,gam
0.5881636552875339,0.503684405090105,9.395623757856216,6.962226273469389,1.1452976424633755e-5,8,-170.65741795252876,361.3148359050575,380.0268460141364,3442.8320861684942,39,48,0.3786206757079214,10.682958230595553,PIS,44,moist_mean,lm
0.646674954558069,0.5572219318813543,NA,NA,NA,10.49525816323635,-166.9797153845773,357.6823873385327,379.87759749570483,2953.694638446026,37.50474183676365,48,0.36200073274113514,11.201326168032933,PIS,44,moist_mean,gam
0.7358528996915447,0.6698161246144309,8.86379173006437,11.14307745695121,2.3118283419782954e-7,8,-142.55679847779518,305.11359695559037,322.24931762263344,2514.1377226866407,32,41,0.5683597667209153,10.430685884896945,HYY,18,moist_mean,lm
0.7431247235344842,0.675236203268956,NA,NA,NA,9.361587214938341,-141.98453104364975,305.1910559182754,323.3737638325411,2444.9248991692994,31.63841278506166,41,0.4505757970418192,12.380667133619292,HYY,18,moist_mean,gam
0.6673058673422029,0.5933738378626924,9.852669466603661,9.025937364902719,1.0669954320333198e-6,8,-161.7799134533592,343.5598269067184,361.6264518044216,3494.703442253187,36,45,0.5296290055614618,10.765889836760824,HYY,19,moist_mean,lm
0.6712045424356355,0.5960047732778109,NA,NA,NA,9.190170635901097,-161.51469021591993,343.7178836207781,362.4064549612522,3453.7507715210586,35.8098293640989,45,0.42756160906941193,12.294059144384343,HYY,19,moist_mean,gam
0.516524138450612,0.41473974654547763,12.000596192508281,5.074689043994344,2.4655453189063745e-4,8,-178.4878647433586,376.9757294867172,395.4772055038178,5472.543741074481,38,47,0.3798891162640547,12.501972401452129,HYY,20,moist_mean,lm
0.5165271730204426,0.4147395255270758,NA,NA,NA,9.00025285991099,-178.48771724351323,376.9764458969596,395.4788575428912,5472.509392273529,37.99974714008901,47,0.3100686764267078,13.516921429967148,HYY,20,moist_mean,gam
0.47832026771520575,0.3684929556552491,12.443871468176903,4.355203261772283,8.506706867360876e-4,8,-180.19264493166858,380.38528986333716,398.88676588043774,5884.297610427273,38,47,0.32514507702787165,13.074899071284174,HYY,21,moist_mean,lm
0.5047368318154122,0.39109043092669205,NA,NA,NA,9.585403656633535,-178.9714771673349,379.5998512443007,399.63407918321843,5586.331415095605,37.41459634336647,47,0.2326523920296494,14.568218168814651,HYY,21,moist_mean,gam
0.4858728782764476,0.37763558949254195,12.489905181814466,4.488960170154353,6.72429122633105e-4,8,-180.36619160529173,380.73238321058346,399.23385922768404,5927.913795127201,38,47,0.3301017778887144,13.217273548642853,HYY,22,moist_mean,lm
0.513749350347788,0.4018381389255923,NA,NA,NA,9.606225271825934,-179.05615302823733,379.8028968820491,399.86829417985444,5606.496549530048,37.393774728174066,47,0.23353441362355346,14.82431262731545,HYY,22,moist_mean,gam
0.47431697179540155,0.3636468605944335,12.082581616321741,4.285863334266284,9.617923523478727e-4,8,-178.80786651681808,377.61573303363616,396.11720905073673,5547.573583572891,38,47,0.31727673180196203,12.749853450588516,HYY,23,moist_mean,lm
0.4957928197359326,0.3811945487561682,NA,NA,NA,9.518865589294862,-177.82765407907482,377.19270813617516,397.11639259438226,5320.937302149423,37.48113441070514,47,0.22936224277429534,14.14810485583019,HYY,23,moist_mean,gam
0.4910926021006002,0.38395420254283175,11.390330490661814,4.583721654679057,5.700219053496557e-4,8,-176.03486244028358,372.06972488056715,390.5712008976677,4930.1058900870075,38,47,0.3383759954938733,12.025933606715046,HYY,24,moist_mean,lm
0.5086917727016217,0.39785135490308576,NA,NA,NA,9.467442815406566,-175.20779438062277,371.8487269104029,391.6759614822948,4759.611660687154,37.532557184593436,47,0.23333011566170198,13.633559201796542,HYY,24,moist_mean,gam
0.4837116806216072,0.37501940285773505,10.62401795317989,4.450285618932777,7.195682416666298e-4,8,-172.76142945633234,365.5228589126647,384.02433492976525,4289.050783840567,38,47,0.3239519048525271,11.265620896777952,HYY,25,moist_mean,lm
0.48772530331044434,0.377626277305095,NA,NA,NA,9.137482370425806,-172.5780267664577,365.6682646095831,384.6435736742168,4255.707725527097,37.86251762957419,47,0.21019472124886993,12.978382241130442,HYY,25,moist_mean,gam
0.4933151280354749,0.3866446286745222,10.236292108598304,4.6246631542071475,5.309346734295991e-4,8,-171.01407157160287,362.02814314320574,380.5296191603063,3981.7036930369736,38,47,0.3429824763757017,10.76011724000868,HYY,26,moist_mean,lm
0.49805150889565036,0.3897628905865099,NA,NA,NA,9.162854020805213,-170.79336547080217,362.1852645105861,381.2404282512839,3944.483586011732,37.83714597919479,47,0.24881997713068427,12.073152981259009,HYY,26,moist_mean,gam
0.3974549097415389,0.2706033117923893,9.520600936445717,3.13322745765382,0.008061501708420727,8,-167.60744178220622,355.21488356441245,373.716359581513,3444.3900032599404,38,47,0.2308501899933331,9.97959823080368,HYY,27,moist_mean,lm
0.4250291150082198,0.293683171371213,NA,NA,NA,9.55411220915099,-166.50662901564684,354.6160304596727,374.6001892589995,3286.764759101609,37.445887790849014,47,0.19233312618166523,10.503652832657508,HYY,27,moist_mean,gam
0.4718857911301966,0.3607038524207643,10.56993793498713,4.244266619270269,0.0010356024355583863,8,-172.5215717926677,365.0431435853354,383.54461960243594,4245.4963420802405,38,47,0.3163780065748405,11.086141682063886,HYY,28,moist_mean,lm
0.48848640024668244,0.3735688318324718,NA,NA,NA,9.438609723901841,-171.77101958132135,364.9121511975533,384.6810819623859,4112.044478644922,37.56139027609816,47,0.23268709208864277,12.285650345562788,HYY,28,moist_mean,gam
0.4919856509539565,0.38503526168110525,10.490304778442866,4.600129595590396,5.540089781888166e-4,8,-172.1661365542361,364.3322731084722,382.83374912557275,4181.766785095606,38,47,0.34070310430204337,11.002305762816786,HYY,29,moist_mean,lm
0.5139721228790677,0.4032195443880787,NA,NA,NA,9.536838903951065,-171.12640935169085,363.82433116941024,383.7795721965509,4000.783121562249,37.463161096048935,47,0.2563201380390052,12.26023424493438,HYY,29,moist_mean,gam
0.4868360866786687,0.37880157861102004,10.235843962161669,4.506301693657208,6.523470267259928e-4,8,-171.012013859359,362.024027718718,380.5255037358186,3981.3550614734168,38,47,0.3372734344583837,10.709824640020942,HYY,30,moist_mean,lm
0.5199591956503662,0.4086641860895869,NA,NA,NA,9.657636353768108,-169.4439950670114,360.65414566695176,380.7894458958001,3724.3711736106193,37.34236364623189,47,0.2801450107643032,11.590584476343384,HYY,30,moist_mean,gam
0.4281769860902346,0.3045395776773123,10.21277203395774,3.4631669458827217,0.00448293714839504,8,-167.15093086941914,354.3018617388383,372.5882757037292,3859.1263668508054,37,46,0.2505905645697057,10.866524817754815,HYY,31,moist_mean,lm
0.4540433944921042,0.3261175895639066,NA,NA,NA,9.542530762961372,-166.08626013883844,353.7544961455521,373.48734339056466,3684.5588236579074,36.45746923703863,46,0.18388479200520924,11.887336713252834,HYY,31,moist_mean,gam
0.4789482434164431,0.36628840415513353,10.465734758387356,4.2512775320542,0.0010797779089087329,8,-168.27643436411117,356.55286872822234,374.8392826931133,4052.669349217938,37,46,0.31377407759050685,11.159525673614029,HYY,32,moist_mean,lm
0.5035924497073205,0.3870440229441878,NA,NA,NA,9.556371747172673,-167.1620357338794,355.93100552562305,375.6866725603334,3860.9900808748002,36.443628252827324,46,0.2434845077196593,12.250276386642225,HYY,32,moist_mean,gam
0.5133075735921658,0.4080767786931746,10.466949964760566,4.877921658625489,3.680108738318763e-4,8,-168.28177524550978,356.56355049101956,374.8499644559105,4053.6105378976454,37,46,0.3684639256118821,10.982946630178464,HYY,33,moist_mean,lm
0.5401979823299968,0.43149973879272985,NA,NA,NA,9.604078648600014,-166.9745390772438,355.6360323364667,375.46486342693134,3829.643123749506,36.395921351399984,46,0.3502711384956342,11.269051214392503,HYY,33,moist_mean,gam
0.49516014183232154,0.3860055779041748,10.244220566584206,4.536321011352958,6.576962284491126e-4,8,-167.2923625713972,354.5847251427944,372.8711391076854,3882.9300356225917,37,46,0.35116056768067017,10.588953450751923,HYY,34,moist_mean,lm
0.5229260554226788,0.41016818605802596,NA,NA,NA,9.602628751911558,-165.99125791905627,353.66698983028715,373.49355323187797,3669.371026558195,36.39737124808844,46,0.33856272240867374,10.778427834793403,HYY,34,moist_mean,gam
0.48576174487079415,0.37457509511312803,10.255366055582645,4.368885526540489,8.789370829357543e-4,8,-167.34238236485896,354.6847647297179,372.97117869460885,3891.383718557879,37,46,0.3419154257287181,10.591144497765574,HYY,35,moist_mean,lm
0.5186504485015612,0.4041467121038399,NA,NA,NA,9.647545029231122,-165.8222441705121,353.39632436660105,373.28447826960735,3642.505762558503,36.352454970768875,46,0.33613816631595167,10.708602114185696,HYY,35,moist_mean,gam
0.4911164948703389,0.38108762889635817,10.343988326591536,4.463524099089383,7.45741891710102e-4,8,-167.73818599464397,355.47637198928794,373.76278595417887,3958.929496524492,37,46,0.35990484942672263,10.580871233953001,HYY,36,moist_mean,lm
0.5194776928719934,0.40583923664548904,NA,NA,NA,9.606644607970429,-166.41924022789286,354.52931797074336,374.3616996729285,3738.2896404597673,36.39335539202957,46,0.351336725957476,10.717068704609455,HYY,36,moist_mean,gam
0.4576497580177767,0.34038484083243115,9.391296681174708,3.9026997076579057,0.002007618095146184,8,-163.29356766730405,346.5871353346081,364.873549299499,3263.2687740921947,37,46,0.30874865376126776,9.696173793525958,HYY,37,moist_mean,lm
0.48479396019171705,0.36352728895523656,NA,NA,NA,9.573816458971216,-162.11263042002273,345.86239969090747,365.6456835930419,3099.944743797453,36.426183541028784,46,0.3092507205240049,9.723036603989206,HYY,37,moist_mean,gam
0.430547173617158,0.30742223818302994,8.94825383228567,3.4968316701981244,0.0042120040560195415,8,-161.07061929182112,342.14123858364223,360.42765254853316,2962.636125939562,37,46,0.26732885160449255,9.346859661222716,HYY,38,moist_mean,lm
0.45408523995921246,0.3266875666813416,NA,NA,NA,9.514465222701414,-160.09971799992417,341.72835633131933,361.4126938012412,2840.176946796161,36.48553477729858,46,0.26054823516696596,9.448543257535007,HYY,38,moist_mean,gam
0.49791445791141054,0.38935542178414795,9.5548124985809,4.586577733867412,6.032902481529761e-4,8,-164.08760028837722,348.17520057675443,366.4616145416454,3377.8943496723973,37,46,0.34448769653068856,10.023798785002171,HYY,39,moist_mean,lm
0.5200881034188077,0.40775927512833965,NA,NA,NA,9.535038305861939,-163.04873699042554,347.6654853802831,367.3855646227581,3228.716120879942,36.46496169413806,46,0.33411636312033244,10.183643805399935,HYY,39,moist_mean,gam
0.5144162445383229,0.40942516227633863,9.791318501680161,4.899618457639098,3.5486160566197813e-4,8,-165.21235418986868,350.42470837973735,368.7111223446283,3547.1869660497373,37,46,0.3709263136160559,10.257872999105972,HYY,40,moist_mean,lm
0.5388359685345833,0.43026620451719055,NA,NA,NA,9.575302043724546,-164.02560041204612,349.6909032449595,369.4765310722111,3368.8010013221688,36.42469795627545,46,0.3612277273639746,10.420383058830739,HYY,40,moist_mean,gam
0.4388942447934605,0.3175740815055601,9.250683787074747,3.61765293500254,0.003371273949894576,8,-162.59961609806467,345.19923219612934,363.4856461610203,3166.280569552561,37,46,0.27931293802035717,9.805222584644723,HYY,41,moist_mean,lm
0.46710657355160035,0.3416487676321539,NA,NA,NA,9.575363709839129,-161.41309334198974,344.4664151360996,364.25252392461357,3007.0803696974617,36.42463629016087,46,0.2638677435655348,10.036836321968769,HYY,41,moist_mean,gam
0.4377135177809121,0.3161380621659743,9.261664059099848,3.6003444574147285,0.0034801696864902986,8,-162.65418427889006,345.3083685577801,363.59478252267104,3173.801582314009,37,46,0.26450956138814424,9.824505804293915,HYY,42,moist_mean,lm
0.4606815293913469,0.3348901416838048,NA,NA,NA,9.510793181099299,-161.69496412996313,344.9117264922484,364.5895520795035,3044.159640177827,36.4892068189007,46,0.2604028776197991,9.91569770754037,HYY,42,moist_mean,gam
0.476581365507894,0.3634097688609521,10.471829239787203,4.211139363834117,0.0011588076316389941,8,-168.30321361620895,356.6064272324179,374.8928411973088,4057.3906822087024,37,46,0.3154018417439136,11.088001388335062,HYY,43,moist_mean,lm
0.5154956465429464,0.3995369839056514,NA,NA,NA,9.690193532016588,-166.52634458010627,354.86117116352466,374.80111765644665,3755.7383701360145,36.309806467983414,46,0.3273465266373948,11.036991767259542,HYY,43,moist_mean,gam
0.5680255028794609,0.46638444473345164,10.813011448133421,5.588543775916635,1.5089101409372874e-4,8,-158.33756314577062,336.67512629154123,354.28712744847684,3975.3213636337914,34,43,0.42489525606221396,11.534877555650498,HYY,44,moist_mean,lm
0.6099247371351639,0.5030188599173928,NA,NA,NA,10.034642325461403,-156.14398587402817,335.26632915809284,355.501072022595,3589.7362835726526,32.965357674538595,43,0.38469012064847136,12.177411048125682,HYY,44,moist_mean,gam
0.8240949604924213,0.7601294915805745,7.857991059132927,12.883434992529121,1.0725196297829295e-6,8,-102.57891137014644,225.1578227402929,239.49769478514435,1358.4565166790867,22,31,0.6453817587962178,9.896392245370162,HYY,17,moist_mean,lm
0.8629820463563564,0.8020536156899791,NA,NA,NA,10.234080866708636,-98.70651017080392,220.71865262953844,237.42864187620262,1058.1443973992634,20.765919133291362,31,0.5706609971498267,11.188188845089606,HYY,17,moist_mean,gam
0.5351144002858896,0.4266410936859305,9.529708213547837,4.9331436190043405,8.477262109494338e-4,7,-135.09601326037009,288.19202652074017,302.93030195827765,2724.4601590608336,30,38,0.23831940528328255,11.89510685476646,KAR,10,moist_mean,lm
0.6955766452362471,0.6065154977352615,NA,NA,NA,9.374567330022561,-127.05194514207369,275.47927136643693,292.98128547605427,1784.0718276744524,28.62543266997744,38,0.3530012744790243,10.889218736513785,KAR,10,moist_mean,gam
0.5723353207968164,0.48917829984064176,9.113069111187595,6.8825856700476145,3.2633178441786775e-5,7,-155.24576032947638,328.49152065895277,344.54922736421713,2989.7290305101333,36,44,0.3231145928262951,11.041435403069702,KAR,11,moist_mean,lm
0.7027433098702246,0.6344193002915068,NA,NA,NA,9.036344408300328,-147.2434058231962,314.86388543037555,333.0421673378607,2078.069569949485,34.96365559169967,44,0.41008190459111726,10.367998413474238,KAR,11,moist_mean,gam
0.5500058852358036,0.4600070622829644,9.768909429391492,6.111256427475888,1.0452152041932397e-4,7,-154.59434568468274,327.1886913693655,343.0394924106075,3340.1057003878905,35,43,0.28626411658422607,11.925659899885664,KAR,12,moist_mean,lm
0.7026601914601467,0.6297361137151711,NA,NA,NA,9.27196866543144,-145.68562969799228,312.4672561955962,331.0443921976697,2207.0208406539527,33.728031334568556,43,0.40014389856390237,10.965151789052694,KAR,12,moist_mean,gam
0.5199203311027564,0.4290944477978724,9.929377872115813,5.7243630580226785,1.5480844117462395e-4,7,-162.74538312246787,343.49076624493574,359.7507286528686,3647.924162308737,37,45,0.28031500852581176,11.776239003130469,KAR,15,moist_mean,lm
0.6202119166144616,0.5299157871475983,NA,NA,NA,9.45174032208873,-157.47276360686178,336.61196606878906,356.1839372519636,2885.8504446177044,35.54825967791127,45,0.2936744861064687,11.784864889926002,KAR,15,moist_mean,gam
0.5116381410288876,0.4192453568992177,9.450666895871086,5.5376417741760235,2.0489870640260518e-4,7,-160.52181995920097,339.04363991840194,355.30360232633484,3304.658876738404,37,45,0.27117659098611685,11.16866542745539,KAR,16,moist_mean,lm
0.6164040148919786,0.5251104538835845,NA,NA,NA,9.4586336280071,-155.08881766236817,331.8304087628774,351.3900355479698,2595.7266194766867,35.5413663719929,45,0.2902405416947188,11.138762683313596,KAR,16,moist_mean,gam
0.5074955233291061,0.4143190007156937,10.260983864837755,5.446602954208707,2.3522168219240614e-4,7,-164.2236737870621,346.4473475741242,362.70730998205704,3895.6482253550475,37,45,0.2651128458308047,12.145389694214366,KAR,17,moist_mean,lm
0.6315152194650906,0.5378801996708926,NA,NA,NA,9.915309121164297,-157.6963306233847,338.56891336065024,359.5047460344545,2914.668088023084,35.0846908788357,45,0.2804583854635369,12.204772469946397,KAR,17,moist_mean,gam
0.4993786604056257,0.40466651507696016,10.429884134579096,5.272593696116866,3.069805055364468e-4,7,-164.95836321291918,347.91672642583836,364.1766888337712,4024.951873247556,37,45,0.26342861167665316,12.260748741457853,KAR,18,moist_mean,lm
0.6322210922789576,0.5373138603678962,NA,NA,NA,10.02537994202098,-158.02008225125178,339.59466020178394,360.872172124457,2956.9103162325205,34.974620057979024,45,0.2735535863694191,12.423298964763891,KAR,18,moist_mean,gam
0.4939641937246135,0.3982276898346755,10.736520994293121,5.159622230330157,3.655453166782961e-4,7,-166.2622808165054,350.5245616330108,366.78452404094367,4265.096673253187,37,45,0.2559752546013249,12.608249753527273,KAR,19,moist_mean,lm
0.631731937150743,0.531959949609874,NA,NA,NA,10.379469658929958,-159.11186349214796,342.9115034410222,365.2127432811233,3103.9283589133643,34.620530341070044,45,0.25480435663986567,12.936901030049654,KAR,19,moist_mean,gam
0.4857213469296595,0.38842538553797346,10.041267660933507,4.992204609339154,4.7470704597198164e-4,7,-163.24963253928482,344.49926507856964,360.7592274865025,3730.6010808248348,37,45,0.24385156756790705,11.771433293161488,KAR,20,moist_mean,lm
0.5933428084981676,0.49151183406179566,NA,NA,NA,9.811538154350837,-157.9667518803754,338.99615234613424,359.8293634031176,2949.910032401111,35.188461845649165,45,0.2286465906112124,12.173240686078438,KAR,20,moist_mean,gam
0.4856887096293854,0.38838657361332307,10.661939886154208,4.9915523904758885,4.751933849653411e-4,7,-165.9485981198957,349.8971962397914,366.15715864772426,4206.047599030742,37,45,0.2518224178119616,12.412985151208307,KAR,21,moist_mean,lm
0.5952216378511291,0.4926055856673669,NA,NA,NA,9.89861253601731,-160.5600946732422,344.4315526779746,365.48943553617994,3310.2852107893937,35.10138746398269,45,0.2359852015847659,12.83736609087624,KAR,21,moist_mean,gam
0.48136180135092677,0.3832410610659669,11.321475716109246,4.90581094224287,5.438870300575428e-4,7,-168.649545264028,355.299090528056,371.5590529359889,4742.505058446701,37,45,0.25639823764990555,13.084565343128341,KAR,22,moist_mean,lm
0.5956512300997949,0.4919867579515087,NA,NA,NA,9.978578503450128,-163.04864883297026,349.53475555151266,370.70654356023005,3697.4254723685503,35.02142149654987,45,0.23275304755245288,13.638991204948745,KAR,22,moist_mean,gam
0.4667584349829168,0.36587489565536047,11.350584711761918,4.6267055864030535,8.488378291837395e-4,7,-168.76509766636067,355.53019533272135,371.7901577406542,4766.923612058686,37,45,0.24958030953205593,13.043626743126522,KAR,23,moist_mean,lm
0.5754911650348932,0.46735334632304504,NA,NA,NA,9.932871333135292,-163.63415894412307,350.6983568005777,371.86344301896185,3794.905201843864,35.067128666864704,45,0.19912938127697918,14.026553602628567,KAR,23,moist_mean,gam
0.4721491785894778,0.3665790143073734,11.375142260282008,4.472373248636818,0.001213700058729129,7,-161.14004802217252,340.28009604434504,356.1308970855871,4528.785150457879,35,43,0.25738782860564247,13.001665047115134,KAR,24,moist_mean,lm
0.5716076829038194,0.4577785154320545,NA,NA,NA,9.817107344286798,-156.65140048370637,336.3236473205348,356.595805950776,3675.4641378621004,33.182892655713204,43,0.19417278136958746,14.034545109485448,KAR,24,moist_mean,gam
0.457362316531069,0.3518494336343324,12.215631267511796,4.334658517279646,0.001435130239823502,7,-168.1380610160245,354.276122032049,370.33382873731335,5371.979301497227,36,44,0.25694805436932044,13.737232536743274,KAR,25,moist_mean,lm
0.5468236372826796,0.43160352770599275,NA,NA,NA,9.716564850942282,-164.1745305387834,351.20037508112415,371.58591386440327,4486.33427903949,34.283435149057716,44,0.1762801541318428,15.045800864358029,KAR,25,moist_mean,gam
0.43866724134352875,0.3295192049381038,12.002205964692022,4.019011754953805,0.0024085713520898494,7,-167.362520545346,352.725041090692,368.78274779595637,5185.906128679996,36,44,0.24773394377730848,12.905916120080208,KAR,26,moist_mean,lm
0.4854969469955249,0.36777797825637404,NA,NA,NA,9.006547512886476,-165.44604789536652,352.0081107517812,370.84559825336373,4753.267103431889,34.99345248711352,44,0.0926738087726367,15.194929740826531,KAR,26,moist_mean,gam
0.3823023753940584,0.2621945039429031,10.488990068338959,3.182991845372355,0.009997666948543886,7,-161.43289041388005,340.8657808277601,356.92348753302446,3960.6808555336793,36,44,0.1581477242676549,11.705585050929923,KAR,27,moist_mean,lm
0.4477178310578199,0.31883492800378566,NA,NA,NA,9.136008522988796,-158.9702111650316,339.1779324732271,358.12380519706056,3541.236563403274,34.863991477011204,44,0.06691088319843701,13.060025057910906,KAR,27,moist_mean,gam
0.38377689295522444,0.26395573325207367,10.325425970029526,3.2029141923347,0.009656354276289105,7,-160.74135350446252,339.48270700892505,355.5404137141894,3838.1191726521665,36,44,0.15687086812386974,11.811131371699831,KAR,28,moist_mean,lm
0.4500765695288312,0.3214160361222528,NA,NA,NA,9.152864245226377,-158.23709276722073,337.78543572607657,356.7970915649535,3425.174482833341,34.847135754773625,44,0.062226816049194514,13.187614895734372,KAR,28,moist_mean,gam
0.37555050544862034,0.25412977039696316,11.08650496826616,3.0929684727147007,0.011701994051000666,7,-163.87059856292348,345.74119712584695,361.7989038311113,4424.781326810049,36,44,0.1589115675070633,12.593667091041485,KAR,29,moist_mean,lm
0.43477020382277326,0.3060282406212226,NA,NA,NA,8.977132128002243,-161.67856068143507,344.16509454253725,362.7277795675429,4005.1569731487057,35.02286787199776,44,0.06619701044586887,14.00030876435549,KAR,29,moist_mean,gam
0.34713278148671883,0.2201863778869142,11.892903159490368,2.7344829915863245,0.022046608139980838,7,-166.95998151966361,351.91996303932723,367.9776697445916,5091.881240196575,36,44,0.13600310298789747,12.939363053549233,KAR,30,moist_mean,lm
0.40348601878349455,0.2728902275711331,NA,NA,NA,8.723206639587445,-164.97401758656065,349.7955680955228,367.5014493450229,4652.367685711129,35.276793360412555,44,0.0348602185628385,14.849532119560054,KAR,30,moist_mean,gam
0.32281137154208533,0.1911358048974907,12.216003631451574,2.451566222709984,0.036555689435573496,7,-168.13940222903943,354.27880445807887,370.33651116334323,5372.30681005097,36,44,0.10361025148623766,13.297134835645853,KAR,31,moist_mean,lm
0.39316899733689126,0.25936335060752547,NA,NA,NA,8.768509449380199,-165.72601279151615,351.34542430138583,369.0922221897305,4814.142162400003,35.2314905506198,44,0.02829910904395015,14.959519443403472,KAR,31,moist_mean,gam
0.35581625582841947,0.2231901908519176,12.291234609452703,2.6828531472411665,0.02521845274652298,7,-160.5311551757653,339.0623103515306,354.7013369160809,5136.531239636669,34,42,0.13214171480848755,13.372477198270996,KAR,32,moist_mean,lm
0.43988995901757016,0.3034444352719242,NA,NA,NA,9.031328377593825,-157.5942897141749,335.9968666303033,354.07583086997795,4466.152319382529,32.96867162240618,42,0.0315305082222743,15.600297162381821,KAR,32,moist_mean,gam
0.3184090459800072,0.17808149662294992,12.558018045076844,2.2690415918960376,0.05223858862427635,7,-161.43302011202962,340.86604022405925,356.50506678860955,5361.929785496172,34,42,0.0974334066557573,13.63700285438936,KAR,33,moist_mean,lm
0.4167735797045652,0.27303014444609874,NA,NA,NA,9.106912275071833,-158.16008145455342,337.3742798184211,355.6668294649719,4588.1171048797,32.893087724928165,42,0.025493534142106453,15.67521575182084,KAR,33,moist_mean,gam
0.3305410645843143,0.19271128376343793,11.59619013565381,2.3981831982587667,0.041588051679194146,7,-158.08634494609794,334.1726898921959,349.8117164567462,4572.035272515981,34,42,0.10658601312708509,12.535001588963238,KAR,34,moist_mean,lm
0.4093665076568308,0.26875172789132085,NA,NA,NA,8.884060982135322,-155.45558778901315,331.2387310474629,348.9000188240679,4033.700974422748,33.115939017864676,42,0.02619834338041973,14.275694683355745,KAR,34,moist_mean,gam
0.3183316602473944,0.1779881785336228,10.978233755401849,2.2682325987652687,0.052313313941606314,7,-155.78633907267076,329.5726781453415,345.2117047098918,4097.734957200316,34,42,0.07730414523777616,12.03620681996535,KAR,35,moist_mean,lm
0.3881344769965912,0.2417913809747133,NA,NA,NA,8.913477618614209,-153.51769417321714,327.59589276381786,345.45957469515207,3678.12702527254,33.08652238138579,42,0.006888642777801246,13.821287846006063,KAR,35,moist_mean,gam
0.33270798706455124,0.19532433734254717,10.440543320840133,2.4217436917550663,0.039895641220852034,7,-153.67718560729406,325.3543712145881,340.99339777913843,3706.1681243675434,34,42,0.08205040320158907,11.526874326399636,KAR,36,moist_mean,lm
0.4114469663026555,0.2653754198192626,NA,NA,NA,9.152372745744048,-151.0404106712783,323.4526819196905,342.0212983252274,3268.848496167934,32.847627254255954,42,0.01405935453431442,12.82548922973006,KAR,36,moist_mean,gam
0.2812278262693121,0.13324531991299404,10.10394477992228,1.9004126446686924,0.10013117491320599,7,-152.30081606184146,322.6016321236829,338.2406586882332,3471.049803934435,34,42,0.03282968264362041,11.181057607442193,KAR,37,moist_mean,lm
0.3486658340680331,0.1895742516354466,NA,NA,NA,9.048553359637232,-150.2318620458108,321.6265047290949,340.01346520516137,3145.382377867402,32.95144664036277,42,0.00190555037334464,12.655841946236075,KAR,37,moist_mean,gam
0.26490429500681223,0.11356106162586188,10.711433457078883,1.750354403622486,0.1302328466394289,7,-154.75301959904127,327.50603919808253,343.14506576263284,3900.983427984582,34,42,0.030911775108174184,11.707674929497836,KAR,38,moist_mean,lm
0.3275384248699689,0.16860731166191756,NA,NA,NA,8.837662915409627,-152.88284928750568,326.1776750533522,343.912310741116,3568.598541278336,33.162337084590376,42,0.004062357361471171,13.735575422149607,KAR,38,moist_mean,gam
0.3218743434725811,0.182260237716936,11.997421772408549,2.305457186653696,0.04898373615193568,7,-159.51498195258023,337.02996390516046,352.66899046971076,4893.896392292131,34,42,0.1283895160776862,12.620426093396906,KAR,39,moist_mean,lm
0.440721894518998,0.29816688311388806,NA,NA,NA,9.327842227710022,-155.46858120034804,332.42515964879846,351.09467963669056,4036.197534122919,32.67215777228998,42,0.1062172388606004,13.074687118115865,KAR,39,moist_mean,gam
0.29727168838645124,0.1525923301130736,12.203619113334124,2.054693163794271,0.07629307118453908,7,-160.23069479561417,338.46138959122834,354.10041615577865,5063.562861753355,34,42,0.1010389388301705,12.914722930217572,KAR,40,moist_mean,lm
0.442446552468746,0.2973831597349226,NA,NA,NA,9.464925349416472,-155.3710432493162,332.441728822268,351.2951334189667,4017.494220318779,32.535074650583525,42,0.12884103271283595,12.792993473974706,KAR,40,moist_mean,gam
0.6895309653159309,0.614590163840466,8.85356722829828,9.201008686058396,5.847505560664491e-6,7,-128.68407401405983,275.36814802811966,289.86640924191767,2273.183927313921,29,37,0.45702975973573445,11.06423786326993,KAR,13,moist_mean,lm
0.7566796130802674,0.6815338060885152,NA,NA,NA,9.494619219944523,-124.17552911802315,270.07612931582514,287.5747823937675,1781.536742614551,27.505380780055475,37,0.4441889586636433,11.539145963708451,KAR,13,moist_mean,gam
0.545480554989888,0.4545766659878656,10.10152102650439,6.000629466773994,1.2223029285522935e-4,7,-156.0340361576795,330.068072315359,345.91887335660107,3571.4254467118603,35,43,0.2905618186485466,12.17370753436945,KAR,14,moist_mean,lm
0.6524730433721603,0.5591300247882061,NA,NA,NA,9.892433145719913,-150.26346924667487,323.48826041930414,343.70800183553814,2730.7228105309846,33.10756685428009,43,0.31004499661688995,12.088652872227444,KAR,14,moist_mean,gam
0.33366258144523475,0.19231828053967848,10.921433042750698,2.3606369645436374,0.04520273752364113,7,-151.74647240585787,321.49294481171574,336.9150934120545,3936.1640903404636,33,41,0.12704229572126435,11.756945986841263,KAR,41,moist_mean,lm
0.4330604452438327,0.2854184976666292,NA,NA,NA,9.264526696820353,-148.4348309831525,318.3034825086677,336.6676805907405,3349.0046554265778,31.735473303179646,41,0.11558259797942265,12.011478823623355,KAR,41,moist_mean,gam
0.3549591551466297,0.21813230926864202,10.658211787726113,2.5942215715705146,0.030081577732541272,7,-150.74621435581275,319.4924287116255,334.9145773119643,3748.716790896787,33,41,0.14488375192784733,11.550216087252032,KAR,42,moist_mean,lm
0.4476771185385945,0.30428315642076187,NA,NA,NA,9.24438640180778,-147.56500724468728,316.53463819312685,334.8738208316602,3209.87744613526,31.75561359819222,41,0.1480423708991241,11.595825186263587,KAR,42,moist_mean,gam
0.4053604250958094,0.27922475769189015,9.960871424190072,3.213685973514056,0.010410329777614634,7,-147.97190447048723,313.94380894097446,329.36595754131326,3274.2256644651297,33,41,0.1762599315825476,11.118153374091746,KAR,43,moist_mean,lm
0.5011532113154095,0.3702616919082382,NA,NA,NA,9.314026174065845,-144.3709471709566,310.25228587571326,328.6820889138096,2746.768003811831,31.685973825934155,41,0.1996678796390716,10.985804640032537,KAR,43,moist_mean,gam
0.44881844776524754,0.33190114880636057,9.64893434585377,3.8387685292239877,0.003708580584743271,7,-146.66740413364866,311.3348082672973,326.75695686763606,3072.363822349684,33,41,0.21633014273682927,10.91749401751356,KAR,44,moist_mean,lm
0.5544508414878574,0.4357725601272854,NA,NA,NA,9.413506538238916,-142.30589249371482,306.2535099770725,324.7958376858468,2483.5539399693685,31.586493461761084,41,0.2673466331650448,10.524455491201232,KAR,44,moist_mean,gam
